,result,0,1,2,3,4,5,6,7,8
0,1.0,-0.29492592594336736,-0.11232855414632356,-2.222254927485423,1.320601613949039,2.2993503330776655,0.08674384652775537,-0.29704426289300234,-0.9553240194226782,-1.1245186684580606
1,0.0,1.9170850656472613,0.23583115294594445,1.3676957743355942,1.9172028570650104,1.0785293490579564,1.678858237196896,4.587683615791923,0.24797772419056732,-1.1245186684580606
2,0.0,-1.159188746352535,-0.11232855414632356,0.767757921201084,-1.1008080232895052,1.3837345950628783,0.5524445823724766,-0.29704426289300234,1.4512794678038132,-1.1245186684580606
3,0.0,-0.9910521923866965,0.23583115294594445,0.4009337500030041,2.539677113275296,1.5363372180653454,0.715439839918129,-0.29704426289300234,0.24797772419056732,0.5397689608598725
4,0.0,0.3484951359691651,0.23583115294594445,-2.222254927485423,-0.46556268900453185,1.2311319720604235,-1.0775079930840479,-0.29704426289300234,0.24797772419056732,-1.1245186684580606
5,0.0,-0.13349010704371614,0.23583115294594445,0.43972738537431155,-1.1008080232895052,2.7571582020850633,1.3949952557757552,2.145319676449461,1.4512794678038132,0.5397689608598725
6,0.0,-0.9819467058903097,-0.11232855414632356,-0.8487412941891221,0.10456999851623167,1.3837345950628783,0.37981413718865803,-0.29704426289300234,0.24797772419056732,-1.1245186684580606
7,0.0,0.7011625468728495,-0.11232855414632356,-0.13254114567579017,-1.1008080232895052,-0.29489425796421675,-1.2930519147419086,-0.29704426289300234,1.4512794678038132,0.5397689608598725
8,0.0,-0.9819467058903097,0.23583115294594445,0.5337095853512297,1.334299091469559,0.6207214800505582,0.7125292103190997,2.145319676449461,0.24797772419056732,-1.1245186684580606
9,0.0,1.1968394396909428,-0.11232855414632356,0.8581444525934165,2.5244576938080523,-1.2105099959790029,0.7437145274515582,4.587683615791923,1.4512794678038132,0.5397689608598725
10,0.0,0.17758987396626105,-0.11232855414632356,0.1863191005398874,0.11674553409002657,-0.29489425796421675,1.2218893901492636,-0.29704426289300234,0.24797772419056732,0.5397689608598725
11,0.0,0.74271211958593,0.23583115294594445,-0.5855731370530775,-0.3905684481514446,-0.9053047499740815,-1.3362306241088928,-0.29704426289300234,0.24797772419056732,0.5397689608598725
12,0.0,-0.3893405721944342,0.23583115294594445,-2.222254927485423,0.7255223127797932,1.3837345950628783,-1.9506968727929004,2.145319676449461,0.24797772419056732,0.5397689608598725
13,0.0,-1.1842390839465697,0.23583115294594445,-0.21843024329287483,-1.1008080232895052,-0.7527021269716153,-0.19387069942996116,-0.29704426289300234,0.24797772419056732,0.5397689608598725
14,0.0,0.7382052058674949,-0.11232855414632356,-0.12670587394603272,-1.1008080232895052,-0.9053047499740815,-1.2230394730355234,-0.29704426289300234,0.24797772419056732,3.868344219495643
15,0.0,0.9491629310847203,-0.11232855414632356,0.6451899727112377,1.334299091469559,0.01031098804070472,0.2759347704646734,-0.29704426289300234,0.24797772419056732,-1.1245186684580606
16,1.0,-1.1842390839465697,0.23583115294594445,1.7474951410376818,1.320601613949039,1.688939841067811,2.0122372735780454,4.587683615791923,0.24797772419056732,3.868344219495643
17,0.0,-0.9910521923866965,-0.11232855414632356,0.4791730146174062,2.5244576938080523,-1.2105099959790029,0.017616393550804542,4.587683615791923,1.4512794678038132,0.5397689608598725
18,0.0,1.1968394396909428,0.23583115294594445,0.9782199906474641,1.9172028570650104,1.0785293490579564,1.7032627469118362,4.587683615791923,0.24797772419056732,0.5397689608598725
19,0.0,-0.13349010704371614,0.23583115294594445,0.457507801586161,2.539677113275296,1.5363372180653454,0.2666736762859437,-0.29704426289300234,0.24797772419056732,0.5397689608598725
20,0.0,-0.9819467058903097,-0.11232855414632356,0.5006888123863666,0.10456999851623167,1.8415424640702764,-0.7317604770781185,-0.29704426289300234,-0.9553240194226782,-1.1245186684580606
21,0.0,0.9491629310847203,-0.11232855414632356,-0.14617966313043954,-1.1008080232895052,-0.29489425796421675,-0.32074429733637577,-0.29704426289300234,0.24797772419056732,0.5397689608598725
22,0.0,0.17758987396626105,-0.11232855414632356,0.3787659583622568,0.7255223127797932,-1.2105099959790029,-0.5600627310343581,-0.29704426289300234,0.24797772419056732,-1.1245186684580606
23,0.0,-0.9819467058903097,-0.46048826123859155,-0.44421330630048583,-0.2578863297190597,-1.363112618981469,-1.172103455052507,-0.29704426289300234,-0.9553240194226782,-1.1245186684580606
24,0.0,0.74271211958593,-0.11232855414632356,0.0825148130580597,-0.46556268900453185,0.6207214800505582,0.6106571743530669,-0.29704426289300234,0.24797772419056732,0.5397689608598725
25,0.0,0.7011625468728495,0.23583115294594445,-0.13940617124021085,-1.1008080232895052,1.8415424640702764,-0.23959947215131047,-0.29704426289300234,1.4512794678038132,0.5397689608598725
26,0.0,0.3484951359691651,-0.46048826123859155,0.5548767475081928,0.10456999851623167,0.01031098804070472,0.858060690270575,2.145319676449461,0.24797772419056732,0.5397689608598725
27,0.0,1.9170850656472613,0.23583115294594445,0.5819707150691068,0.11674553409002657,0.6207214800505582,0.09678050031751168,-0.29704426289300234,0.24797772419056732,0.5397689608598725
28,0.0,-0.3893405721944342,-0.46048826123859155,1.8418402066515767,1.334299091469559,-0.6000995039691491,1.4588978003559512,-0.29704426289300234,1.4512794678038132,-1.1245186684580606
29,0.0,0.7382052058674949,0.23583115294594445,-0.6140344244054962,-0.10462783997897937,-1.363112618981469,-1.1955501934891335,-0.29704426289300234,-0.9553240194226782,-1.1245186684580606
30,0.0,-0.29492592594336736,-0.11232855414632356,0.07903894221965274,-0.18764285525485608,-0.9053047499740815,-0.8752958314672606,-0.29704426289300234,0.24797772419056732,3.868344219495643
31,0.0,-1.159188746352535,-0.11232855414632356,0.7953357096112991,1.0907883799936529,-1.2105099959790029,0.7723588187435951,2.145319676449461,0.24797772419056732,0.5397689608598725
32,1.0,-1.1842390839465697,0.23583115294594445,0.2764109697988062,1.9172028570650104,-0.14229163496176145,1.2196504443038565,-0.29704426289300234,0.24797772419056732,0.5397689608598725
33,0.0,-0.3893405721944342,-0.46048826123859155,0.1927554502998325,-0.18764285525485608,-0.9053047499740815,1.018145318217198,-0.29704426289300234,0.24797772419056732,3.868344219495643
34,0.0,0.7011625468728495,0.23583115294594445,-0.2420894259590978,1.0907883799936529,-0.44749688096668294,-0.30555840377622145,-0.29704426289300234,0.24797772419056732,0.5397689608598725
35,0.0,-0.9819467058903097,-0.11232855414632356,-0.3333743480967496,-1.1008080232895052,-0.29489425796421675,0.35663859116503727,-0.29704426289300234,1.4512794678038132,0.5397689608598725
36,0.0,-0.29492592594336736,-0.11232855414632356,0.5600871258852915,0.10456999851623167,1.8415424640702764,0.19901098820460836,-0.29704426289300234,0.24797772419056732,-1.1245186684580606
37,0.0,1.9170850656472613,-0.11232855414632356,0.20234728322130918,-0.18764285525485608,-0.29489425796421675,0.06179559282178762,-0.29704426289300234,-0.9553240194226782,-1.1245186684580606
38,0.0,0.9491629310847203,-0.11232855414632356,0.7919489636661854,-1.1008080232895052,-1.2105099959790029,1.5959591941726854,-0.29704426289300234,0.24797772419056732,0.5397689608598725
39,0.0,-0.9910521923866965,0.23583115294594445,-0.16346989242918025,-0.5163823157473297,-1.363112618981469,0.08674384652775537,-0.29704426289300234,0.24797772419056732,-1.1245186684580606
40,0.0,1.1968394396909428,0.23583115294594445,-0.5458156846539108,-1.1008080232895052,3.0623634480899855,-1.0520399840925396,-0.29704426289300234,0.24797772419056732,0.5397689608598725
41,0.0,-1.159188746352535,0.23583115294594445,0.7990789551295835,0.0614021905727756,0.01031098804070472,-0.6872680246215732,-0.29704426289300234,-0.9553240194226782,0.5397689608598725
42,0.0,-0.13349010704371614,0.23583115294594445,-0.16421605432651246,-0.3702758888617859,1.3837345950628783,-1.253531783120594,-0.29704426289300234,0.24797772419056732,0.5397689608598725
43,0.0,0.7382052058674949,0.23583115294594445,0.49560869346869535,0.11674553409002657,0.6207214800505582,1.3699518523607646,-0.29704426289300234,-0.9553240194226782,0.5397689608598725
44,0.0,0.3484951359691651,0.23583115294594445,0.20168752751771632,1.320601613949039,-0.7527021269716153,-0.5938956904760686,-0.29704426289300234,0.24797772419056732,-1.1245186684580606
45,0.0,-0.9819467058903097,0.23583115294594445,-0.2700378005517568,1.334299091469559,1.8415424640702764,0.9858049893390922,-0.29704426289300234,1.4512794678038132,0.5397689608598725
46,0.0,0.74271211958593,0.23583115294594445,0.2527790092040096,-0.7831853561470185,0.4681188570481036,-0.9289655169956451,-0.29704426289300234,-0.9553240194226782,0.5397689608598725
47,0.0,-4.331520860388337,-9.686720499183695,-2.222254927485423,-1.1008080232895052,-1.363112618981469,-2.8238857525017527,-0.29704426289300234,-0.9553240194226782,-1.1245186684580606
48,1.0,-1.1842390839465697,0.23583115294594445,0.8766176122940391,-1.1008080232895052,0.01031098804070472,0.8223393270097585,-0.29704426289300234,-0.9553240194226782,0.5397689608598725
49,0.0,1.1968394396909428,-0.11232855414632356,0.48036833671568174,0.10456999851623167,1.8415424640702764,-0.6783359337885723,-0.29704426289300234,-0.9553240194226782,0.5397689608598725
50,0.0,-0.9819467058903097,-0.11232855414632356,0.051098288172461016,-0.18764285525485608,-0.29489425796421675,0.11779056225073709,-0.29704426289300234,-0.9553240194226782,0.5397689608598725
51,0.0,0.7011625468728495,0.23583115294594445,0.30812811436416154,-0.7831853561470185,0.4681188570481036,-0.005232048801576996,-0.29704426289300234,0.24797772419056732,0.5397689608598725
52,0.0,0.9491629310847203,0.23583115294594445,-2.222254927485423,-1.1008080232895052,-1.363112618981469,-0.39836108664382863,-0.29704426289300234,-0.9553240194226782,-1.1245186684580606
53,0.0,-0.29492592594336736,0.23583115294594445,2.017950995797513,2.539677113275296,0.4681188570481036,-0.16273869053191628,-0.29704426289300234,-0.9553240194226782,0.5397689608598725
54,0.0,-0.3893405721944342,-0.11232855414632356,0.2520618159450445,0.0614021905727756,1.5363372180653454,-0.12993635695555242,-0.29704426289300234,0.24797772419056732,0.5397689608598725
55,0.0,-1.159188746352535,0.23583115294594445,0.7463015183189935,0.10456999851623167,2.1467477100751986,0.9202423226134778,-0.29704426289300234,0.24797772419056732,0.5397689608598725
56,0.0,0.74271211958593,-0.11232855414632356,0.01299739628992664,-0.46556268900453185,-0.7527021269716153,-0.9368275624642877,-0.29704426289300234,0.24797772419056732,0.5397689608598725
57,0.0,0.3484951359691651,0.23583115294594445,0.6099113691162985,0.7255223127797932,-0.29489425796421675,-0.8136109094387055,-0.29704426289300234,0.24797772419056732,0.5397689608598725
58,0.0,1.9170850656472613,0.23583115294594445,0.47411588266316335,0.11674553409002657,0.6207214800505582,0.446934259407657,-0.29704426289300234,-0.9553240194226782,0.5397689608598725
59,0.0,-0.13349010704371614,0.23583115294594445,-0.3333743480967496,-0.2578863297190597,-0.14229163496176145,1.0292334309754048,-0.29704426289300234,0.24797772419056732,0.5397689608598725
60,0.0,-0.9819467058903097,0.23583115294594445,-1.1526076664868654,-1.1008080232895052,-1.0579073729765367,0.06943740026325552,-0.29704426289300234,0.24797772419056732,0.5397689608598725
61,0.0,0.7382052058674949,-0.11232855414632356,0.7496146393522579,0.11674553409002657,-1.2105099959790029,-0.013049168296113961,-0.29704426289300234,0.24797772419056732,-1.1245186684580606
62,0.0,-0.9910521923866965,-0.11232855414632356,0.29987469987606824,1.0907883799936529,0.6207214800505582,1.3601442961031651,-0.29704426289300234,1.4512794678038132,0.5397689608598725
63,0.0,0.17758987396626105,0.23583115294594445,-0.15733600271434425,1.133285682044496,-0.44749688096668294,-0.17863708750140544,-0.29704426289300234,0.24797772419056732,0.5397689608598725
64,1.0,-0.13349010704371614,0.23583115294594445,-0.13376159466502005,-1.1008080232895052,0.01031098804070472,1.1893588240424637,-0.29704426289300234,-0.9553240194226782,0.5397689608598725
65,0.0,0.3484951359691651,0.23583115294594445,1.384629504061164,-1.1008080232895052,0.6207214800505582,1.0797821803142928,-0.29704426289300234,-0.9553240194226782,3.868344219495643
66,0.0,0.74271211958593,-0.46048826123859155,0.26135876559829835,-0.5163823157473297,0.1629136110431709,-0.08789392941401512,-0.29704426289300234,0.24797772419056732,0.5397689608598725
67,0.0,-0.9819467058903097,-0.11232855414632356,0.7242140447639016,1.9172028570650104,-0.29489425796421675,0.9599327262366077,-0.29704426289300234,0.24797772419056732,0.5397689608598725
68,0.0,-0.9910521923866965,0.23583115294594445,0.5210092880570516,-0.7831853561470185,0.4681188570481036,0.09228790290685958,-0.29704426289300234,1.4512794678038132,0.5397689608598725
69,0.0,-1.159188746352535,0.23583115294594445,-0.33034857193888933,-0.2578863297190597,-0.44749688096668294,0.46010736750671305,-0.29704426289300234,1.4512794678038132,0.5397689608598725
70,0.0,-0.3893405721944342,0.23583115294594445,0.007917277372255317,-0.18764285525485608,1.8415424640702764,-0.16939155818684126,-0.29704426289300234,0.24797772419056732,0.5397689608598725
71,0.0,1.9170850656472613,0.23583115294594445,0.01299739628992664,0.11674553409002657,1.3837345950628783,-1.08374505651054,-0.29704426289300234,1.4512794678038132,0.5397689608598725
72,0.0,0.9491629310847203,-0.11232855414632356,0.34489849891111524,0.10456999851623167,1.8415424640702764,0.6805122847297752,-0.29704426289300234,0.24797772419056732,0.5397689608598725
73,0.0,-0.9819467058903097,-0.11232855414632356,1.115383201424588,-0.44520226162360327,-0.29489425796421675,0.7270823583142472,-0.29704426289300234,1.4512794678038132,0.5397689608598725
74,0.0,1.1968394396909428,-0.46048826123859155,0.7693706573654233,1.0907883799936529,0.9259267260554909,1.3746974440983126,-0.29704426289300234,0.24797772419056732,-1.1245186684580606
75,0.0,0.7011625468728495,0.23583115294594445,2.373298801115646,2.539677113275296,0.4681188570481036,2.1726950591655703,-0.29704426289300234,1.4512794678038132,0.5397689608598725
76,0.0,0.17758987396626105,-0.11232855414632356,-0.057073209471055805,0.0614021905727756,0.3155162340456364,-0.8384205617351952,-0.29704426289300234,1.4512794678038132,0.5397689608598725
77,0.0,-0.29492592594336736,0.23583115294594445,-0.5937945855430281,-1.1008080232895052,1.5363372180653454,-0.18768694423788446,-0.29704426289300234,1.4512794678038132,-1.1245186684580606
78,0.0,0.7382052058674949,0.23583115294594445,0.7129248916135211,0.10456999851623167,2.1467477100751986,0.3230184845666211,-0.29704426289300234,1.4512794678038132,0.5397689608598725
79,0.0,-1.1842390839465697,0.23583115294594445,-0.004420154284946155,0.7255223127797932,0.4681188570481036,-0.20945551854995287,-0.29704426289300234,-0.9553240194226782,0.5397689608598725
80,1.0,1.1968394396909428,-0.11232855414632356,0.738728670242962,0.0614021905727756,-1.2105099959790029,0.3109701267492872,2.145319676449461,1.4512794678038132,0.5397689608598725
81,0.0,0.74271211958593,0.23583115294594445,0.01299739628992664,0.7255223127797932,0.4681188570481036,-1.0425804378956938,-0.29704426289300234,-0.9553240194226782,0.5397689608598725
82,0.0,-0.9819467058903097,-0.11232855414632356,0.4498876232096542,-1.1008080232895052,0.4681188570481036,1.2315914888126964,-0.29704426289300234,0.24797772419056732,-1.1245186684580606
83,0.0,-0.13349010704371614,0.23583115294594445,1.159652809135722,0.10456999851623167,0.6207214800505582,-0.3700011059353363,-0.29704426289300234,-0.9553240194226782,-1.1245186684580606
84,0.0,0.9491629310847203,-0.11232855414632356,0.12343476406538845,0.10456999851623167,0.3155162340456364,0.769418788845585,-0.29704426289300234,1.4512794678038132,0.5397689608598725
85,0.0,0.7011625468728495,0.23583115294594445,-0.0479640307221285,1.320601613949039,-1.363112618981469,0.19023289893769346,-0.29704426289300234,-0.9553240194226782,-1.1245186684580606
86,0.0,0.7382052058674949,-0.11232855414632356,0.06621768971314979,-0.44520226162360327,1.9941450870727433,-0.10729812674087782,-0.29704426289300234,0.24797772419056732,0.5397689608598725
87,0.0,-0.9819467058903097,0.23583115294594445,-2.222254927485423,-1.1008080232895052,-0.7527021269716153,-1.0775079930840479,2.145319676449461,0.24797772419056732,0.5397689608598725
88,0.0,-0.3893405721944342,-0.11232855414632356,0.762314936646436,-1.1008080232895052,1.2311319720604235,1.392369123806707,-0.29704426289300234,1.4512794678038132,0.5397689608598725
89,0.0,-1.159188746352535,0.23583115294594445,0.3270411112005129,-0.3702758888617859,1.3837345950628783,0.6605536817650015,-0.29704426289300234,0.24797772419056732,-1.1245186684580606
90,0.0,1.9170850656472613,-0.11232855414632356,0.3295278826986742,1.9172028570650104,-0.14229163496176145,-0.8424186793162798,-0.29704426289300234,1.4512794678038132,0.5397689608598725
91,0.0,-1.1842390839465697,0.23583115294594445,0.7693706573654233,-0.18764285525485608,-0.6000995039691491,0.12480592589968008,-0.29704426289300234,1.4512794678038132,0.5397689608598725
92,0.0,-0.9910521923866965,-0.11232855414632356,1.1378808709171317,1.0907883799936529,-0.29489425796421675,1.2260474324335904,-0.29704426289300234,1.4512794678038132,0.5397689608598725
93,0.0,0.3484951359691651,0.23583115294594445,0.376626960923237,-1.1008080232895052,0.7733241030530253,-0.9028702171422774,-0.29704426289300234,-0.9553240194226782,-1.1245186684580606
94,0.0,0.17758987396626105,0.23583115294594445,-0.998188178751303,-0.3905684481514446,-1.363112618981469,0.7727084439206556,-0.29704426289300234,-0.9553240194226782,-1.1245186684580606
95,0.0,-4.331520860388337,-9.686720499183695,-2.222254927485423,-1.1008080232895052,-1.363112618981469,-2.8238857525017527,-0.29704426289300234,-0.9553240194226782,-1.1245186684580606
96,1.0,-0.18766203642907206,0.23583115294594445,-0.32991063065288273,-0.7831853561470185,0.4681188570481036,0.08503171146950303,-0.29704426289300234,0.24797772419056732,-1.1245186684580606
97,0.0,-0.3893405721944342,-0.11232855414632356,0.48125183565788504,0.10456999851623167,-1.2105099959790029,-0.6329754725049955,2.145319676449461,-0.9553240194226782,0.5397689608598725
98,0.0,-0.13349010704371614,-0.11232855414632356,0.1944302147781851,-0.5163823157473297,1.9941450870727433,0.681343893186641,-0.29704426289300234,0.24797772419056732,-1.1245186684580606
99,0.0,0.17758987396626105,0.23583115294594445,0.2852917702771056,-0.46556268900453185,1.2311319720604235,0.5757296191647127,-0.29704426289300234,-0.9553240194226782,0.5397689608598725
100,0.0,0.9491629310847203,-0.46048826123859155,1.0515994861249376,1.0907883799936529,-0.29489425796421675,0.06491412453503405,-0.29704426289300234,1.4512794678038132,0.5397689608598725
101,0.0,-1.1842390839465697,0.23583115294594445,-0.12126288939138476,-0.44520226162360327,-1.0579073729765367,-0.2625317053557856,-0.29704426289300234,-0.9553240194226782,0.5397689608598725
102,0.0,-1.159188746352535,0.23583115294594445,0.24058672380159848,0.09027697849481929,0.1629136110431709,1.3577187714373062,-0.29704426289300234,-0.9553240194226782,0.5397689608598725
103,0.0,-0.29492592594336736,0.23583115294594445,0.40416655295061304,0.11674553409002657,1.0785293490579564,0.319594214450116,-0.29704426289300234,1.4512794678038132,0.5397689608598725
104,0.0,-0.9819467058903097,0.23583115294594445,0.5675770448023709,-1.1008080232895052,0.9259267260554909,0.5833700218621651,-0.29704426289300234,0.24797772419056732,0.5397689608598725
105,0.0,-0.18766203642907206,0.23583115294594445,-2.222254927485423,-0.7687479621859964,0.7733241030530253,-1.9506968727929004,-0.29704426289300234,0.24797772419056732,0.5397689608598725
106,0.0,1.1968394396909428,-0.11232855414632356,0.20838658543112823,-1.1008080232895052,0.9259267260554909,1.139048393869193,-0.29704426289300234,0.24797772419056732,-1.1245186684580606
107,0.0,-0.9819467058903097,0.23583115294594445,0.5863251027128245,0.10456999851623167,-1.363112618981469,0.19421324710730606,-0.29704426289300234,-0.9553240194226782,-1.1245186684580606
108,0.0,0.29737845639729915,0.23583115294594445,0.8211981331921704,0.0614021905727756,-0.6000995039691491,0.7769788657261818,-0.29704426289300234,1.4512794678038132,0.5397689608598725
109,0.0,1.9170850656472613,-0.11232855414632356,0.28224369892650275,0.11674553409002657,-1.2105099959790029,0.049977998961067034,-0.29704426289300234,1.4512794678038132,3.868344219495643
110,0.0,0.7011625468728495,0.23583115294594445,-0.12489154576115055,-0.18764285525485608,0.01031098804070472,0.3174381925249089,2.145319676449461,-0.9553240194226782,0.5397689608598725
111,0.0,0.74271211958593,0.23583115294594445,-0.4645337819711708,-0.5529089224687157,0.7733241030530253,1.1200173541832308,-0.29704426289300234,-0.9553240194226782,-1.1245186684580606
112,0.0,0.7382052058674949,-0.11232855414632356,-2.222254927485423,-1.1008080232895052,1.3837345950628783,1.0154992913089893,-0.29704426289300234,-0.9553240194226782,-1.1245186684580606
113,0.0,-0.9910521923866965,0.23583115294594445,-2.222254927485423,1.133285682044496,-0.44749688096668294,-1.9506968727929004,-0.29704426289300234,1.4512794678038132,-1.1245186684580606
114,1.0,-0.29492592594336736,0.23583115294594445,2.7449724586820214,0.10456999851623167,0.7733241030530253,1.8160002553629335,2.145319676449461,1.4512794678038132,0.5397689608598725
115,0.0,-0.9910521923866965,0.23583115294594445,0.7298586213390924,-0.18764285525485608,-0.6000995039691491,1.3263296287026753,-0.29704426289300234,1.4512794678038132,0.5397689608598725
116,0.0,-0.9819467058903097,0.23583115294594445,0.12306663950613657,0.11674553409002657,1.0785293490579564,0.4677717213097997,-0.29704426289300234,1.4512794678038132,0.5397689608598725
117,0.0,0.3484951359691651,0.23583115294594445,0.7580815042150428,2.539677113275296,0.9259267260554909,1.1994999316951902,-0.29704426289300234,-0.9553240194226782,0.5397689608598725
118,0.0,1.9170850656472613,-0.11232855414632356,-0.21137452257388642,-1.1008080232895052,1.5363372180653454,-0.07017705359383528,-0.29704426289300234,0.24797772419056732,-1.1245186684580606
119,0.0,-0.9819467058903097,0.23583115294594445,0.3584454826915715,-1.1008080232895052,0.4681188570481036,0.6789064201234133,-0.29704426289300234,1.4512794678038132,0.5397689608598725
120,0.0,0.7011625468728495,0.23583115294594445,0.4290833266896667,-0.2578863297190597,-1.363112618981469,-0.7836730049915446,-0.29704426289300234,-0.9553240194226782,-1.1245186684580606
121,0.0,0.74271211958593,0.23583115294594445,-2.222254927485423,-0.7687479621859964,0.7733241030530253,-1.0775079930840479,-0.29704426289300234,0.24797772419056732,0.5397689608598725
122,0.0,-1.159188746352535,0.23583115294594445,-1.4602370898347359,0.0614021905727756,0.9259267260554909,-0.08275752423925646,-0.29704426289300234,-0.9553240194226782,-1.1245186684580606
123,0.0,0.9491629310847203,0.23583115294594445,-1.3216883920800655,-1.1008080232895052,0.7733241030530253,-1.8353911617544236,-0.29704426289300234,-0.9553240194226782,0.5397689608598725
124,0.0,-0.13349010704371614,0.23583115294594445,0.08786230665560854,0.7255223127797932,0.4681188570481036,-0.4986161061659569,-0.29704426289300234,-0.9553240194226782,-1.1245186684580606
125,0.0,0.7382052058674949,0.23583115294594445,-2.222254927485423,-0.44520226162360327,-0.7527021269716153,-1.0775079930840479,2.145319676449461,1.4512794678038132,0.5397689608598725
126,0.0,-0.3893405721944342,0.23583115294594445,0.008379106364770466,1.0907883799936529,-1.2105099959790029,-0.18768694423788446,-0.29704426289300234,1.4512794678038132,0.5397689608598725
127,0.0,0.17758987396626105,-0.11232855414632356,0.2416027475851329,-0.7687479621859964,-0.29489425796421675,-0.29957608207070685,-0.29704426289300234,1.4512794678038132,0.5397689608598725
128,0.0,-1.1842390839465697,0.23583115294594445,0.48947751546460905,1.133285682044496,-1.2105099959790029,-0.8571317520146713,-0.29704426289300234,0.24797772419056732,0.5397689608598725
129,0.0,1.1968394396909428,-0.11232855414632356,-0.11631472161443215,-0.6949568374963279,0.7733241030530253,1.1401145585574826,-0.29704426289300234,0.24797772419056732,0.5397689608598725
130,1.0,-1.159188746352535,0.23583115294594445,1.9349757201422153,0.10456999851623167,0.7733241030530253,1.5738109689410131,2.145319676449461,1.4512794678038132,0.5397689608598725
131,0.0,0.17758987396626105,-0.11232855414632356,1.9434425850050017,0.11674553409002657,-1.0579073729765367,0.730720645313034,-0.29704426289300234,1.4512794678038132,0.5397689608598725
132,0.0,1.9170850656472613,0.23583115294594445,-0.06015631612453924,-1.1008080232895052,0.4681188570481036,-0.06121315808957866,-0.29704426289300234,0.24797772419056732,0.5397689608598725
133,0.0,0.3484951359691651,-0.46048826123859155,0.9274188014707516,1.0907883799936529,-0.6000995039691491,1.4838460540619192,-0.29704426289300234,1.4512794678038132,0.5397689608598725
134,0.0,-0.9819467058903097,0.23583115294594445,-2.222254927485423,-1.1008080232895052,1.0785293490579564,-0.2490980302833424,-0.29704426289300234,-0.9553240194226782,-1.1245186684580606
135,0.0,0.74271211958593,0.23583115294594445,-2.222254927485423,-0.7687479621859964,0.7733241030530253,-1.9506968727929004,-0.29704426289300234,1.4512794678038132,0.5397689608598725
136,0.0,-0.9819467058903097,-0.11232855414632356,0.9782199906474641,-0.2578863297190597,0.1629136110431709,0.26402764937773415,-0.29704426289300234,1.4512794678038132,0.5397689608598725
137,0.0,0.7382052058674949,0.23583115294594445,0.5740192245892732,0.7118248352592734,-1.2105099959790029,1.3488986817432786,-0.29704426289300234,0.24797772419056732,0.5397689608598725
138,0.0,-0.29492592594336736,-0.11232855414632356,-0.4841285263679024,-0.09317749304437531,0.1629136110431709,-0.2731158129886201,-0.29704426289300234,-0.9553240194226782,0.5397689608598725
139,0.0,-0.9910521923866965,0.23583115294594445,-2.222254927485423,-1.1008080232895052,-1.363112618981469,1.522654448715647,-0.29704426289300234,-0.9553240194226782,-1.1245186684580606
140,0.0,1.1968394396909428,0.23583115294594445,0.022233976140237904,-0.44520226162360327,0.4681188570481036,-0.0190972298005905,-0.29704426289300234,-0.9553240194226782,0.5397689608598725
141,0.0,0.7011625468728495,0.23583115294594445,0.9366553813210629,2.539677113275296,0.9259267260554909,-0.7558068268755237,-0.29704426289300234,1.4512794678038132,0.5397689608598725
142,0.0,-0.3893405721944342,0.23583115294594445,-0.13456796274719027,-0.18764285525485608,0.1629136110431709,-1.4151410265714708,-0.29704426289300234,1.4512794678038132,0.5397689608598725
143,0.0,-1.1842390839465697,-0.11232855414632356,-0.6005246576134475,-1.1008080232895052,0.6207214800505582,-0.20655805922060286,-0.29704426289300234,0.24797772419056732,0.5397689608598725
144,0.0,0.9491629310847203,0.23583115294594445,-2.222254927485423,-1.1008080232895052,-1.363112618981469,0.5291595455802407,-0.29704426289300234,-0.9553240194226782,-1.1245186684580606
145,0.0,-0.13349010704371614,0.23583115294594445,-2.222254927485423,0.7255223127797932,-0.44749688096668294,-0.49538207327814626,-0.29704426289300234,0.24797772419056732,0.5397689608598725
146,1.0,-0.9910521923866965,0.23583115294594445,-2.222254927485423,-1.1008080232895052,-1.363112618981469,-0.8123172962835815,-0.29704426289300234,-0.9553240194226782,-1.1245186684580606
147,0.0,0.17758987396626105,0.23583115294594445,1.0026798224732887,-1.1008080232895052,0.9259267260554909,-1.3014025776247788,-0.29704426289300234,1.4512794678038132,0.5397689608598725
148,0.0,1.9170850656472613,0.23583115294594445,-2.222254927485423,-0.7687479621859964,0.7733241030530253,-1.0775079930840479,-0.29704426289300234,-0.9553240194226782,-1.1245186684580606
149,0.0,-4.331520860388337,-9.686720499183695,-2.222254927485423,-1.1008080232895052,-1.363112618981469,-2.8238857525017527,-0.29704426289300234,-0.9553240194226782,-1.1245186684580606
150,0.0,-1.1842390839465697,-0.11232855414632356,0.023692383485024313,1.334299091469559,0.4681188570481036,1.128102436402757,-0.29704426289300234,0.24797772419056732,-1.1245186684580606
151,0.0,0.3484951359691651,0.23583115294594445,-0.23536397301844506,-0.979052667551552,-0.6000995039691491,0.7301461789448042,-0.29704426289300234,0.24797772419056732,0.5397689608598725
152,0.0,-0.9819467058903097,0.23583115294594445,0.5394824477576742,-1.1008080232895052,1.8415424640702764,0.4709469535996505,-0.29704426289300234,1.4512794678038132,-1.1245186684580606
153,0.0,0.74271211958593,0.23583115294594445,0.09766604491778032,-0.5529089224687157,0.6207214800505582,-0.6438241828286511,-0.29704426289300234,-0.9553240194226782,0.5397689608598725
154,0.0,-0.13349010704371614,0.23583115294594445,-2.222254927485423,-0.09317749304437531,-0.9053047499740815,-1.0775079930840479,-0.29704426289300234,-0.9553240194226782,0.5397689608598725
155,0.0,-0.9819467058903097,0.23583115294594445,0.7046751258497816,0.7118248352592734,-0.7527021269716153,0.18749640957108382,-0.29704426289300234,0.24797772419056732,0.5397689608598725
156,0.0,0.7011625468728495,0.23583115294594445,-0.3444924534721243,-0.18764285525485608,0.1629136110431709,-0.4968373880776609,-0.29704426289300234,1.4512794678038132,0.5397689608598725
157,0.0,-1.159188746352535,-0.11232855414632356,-0.6329034375282754,0.09027697849481929,1.2311319720604235,-0.4675412684178639,-0.29704426289300234,0.24797772419056732,0.5397689608598725
158,0.0,0.9491629310847203,0.23583115294594445,-0.17891820726654284,-0.2578863297190597,-0.9053047499740815,-0.2961158930368955,-0.29704426289300234,1.4512794678038132,0.5397689608598725
159,0.0,-0.3893405721944342,0.23583115294594445,0.5972110718221204,0.2689397287624685,-0.9053047499740815,0.07510132813163717,-0.29704426289300234,0.24797772419056732,0.5397689608598725
160,0.0,0.7382052058674949,0.23583115294594445,0.30469454704653354,0.11674553409002657,-0.6000995039691491,-1.0756301675362874,-0.29704426289300234,-0.9553240194226782,0.5397689608598725
161,0.0,-0.29492592594336736,0.23583115294594445,-0.19802292798257176,1.133285682044496,1.8415424640702764,-0.2602032016765621,-0.29704426289300234,-0.9553240194226782,0.5397689608598725
162,1.0,-0.13349010704371614,0.23583115294594445,0.4600478610449965,0.2689397287624685,-0.9053047499740815,-0.7259039375212833,-0.29704426289300234,1.4512794678038132,0.5397689608598725
163,0.0,-0.3893405721944342,0.23583115294594445,0.6226116664104766,0.7118248352592734,-0.7527021269716153,1.3354039445114145,-0.29704426289300234,0.24797772419056732,-1.1245186684580606
164,0.0,0.9491629310847203,-0.11232855414632356,0.6579516240986243,-1.1008080232895052,-0.14229163496176145,0.13437233087551106,-0.29704426289300234,1.4512794678038132,0.5397689608598725
165,0.0,-1.1842390839465697,0.23583115294594445,0.1022843348429365,-0.5529089224687157,0.6207214800505582,-1.028115490797487,-0.29704426289300234,1.4512794678038132,0.5397689608598725
166,0.0,1.1968394396909428,-0.11232855414632356,0.9643651208719967,-0.09317749304437531,0.3155162340456364,1.681768866795926,-0.29704426289300234,1.4512794678038132,0.5397689608598725
167,0.0,1.9170850656472613,0.23583115294594445,-0.49501449547719834,0.10456999851623167,-0.44749688096668294,-0.22238509019675748,-0.29704426289300234,0.24797772419056732,3.868344219495643
168,0.0,0.3484951359691651,0.23583115294594445,0.17386782868284906,0.7255223127797932,-0.44749688096668294,-0.45086656176357726,-0.29704426289300234,-0.9553240194226782,-1.1245186684580606
169,0.0,-0.9819467058903097,0.23583115294594445,-2.222254927485423,2.539677113275296,-0.9053047499740815,-1.0775079930840479,-0.29704426289300234,1.4512794678038132,0.5397689608598725
170,0.0,0.17758987396626105,0.23583115294594445,-0.47808076575162706,-1.1008080232895052,0.1629136110431709,-0.47472599225277534,-0.29704426289300234,1.4512794678038132,0.5397689608598725
171,0.0,-0.29492592594336736,0.23583115294594445,0.03718843875502811,-0.2578863297190597,1.2311319720604235,-1.0034192396542054,-0.29704426289300234,1.4512794678038132,0.5397689608598725
172,0.0,0.7382052058674949,0.23583115294594445,0.17386782868284906,0.11674553409002657,-0.6000995039691491,-0.20674463804105284,-0.29704426289300234,0.24797772419056732,0.5397689608598725
173,0.0,0.74271211958593,0.23583115294594445,0.39169717015269284,-0.46556268900453185,0.9259267260554909,-0.681107961978124,-0.29704426289300234,-0.9553240194226782,0.5397689608598725
174,0.0,-0.9819467058903097,-0.46048826123859155,0.8822621888692299,-0.18764285525485608,-0.7527021269716153,0.9308264302463127,-0.29704426289300234,0.24797772419056732,-1.1245186684580606
175,0.0,-1.159188746352535,0.23583115294594445,0.07903894221965274,1.133285682044496,-1.2105099959790029,-0.32074429733637577,-0.29704426289300234,1.4512794678038132,-1.1245186684580606
176,0.0,0.7011625468728495,-0.11232855414632356,-1.2391832666603924,-0.5911344411306314,-1.0579073729765367,-0.5128458508723232,-0.29704426289300234,-0.9553240194226782,0.5397689608598725
177,0.0,-0.9910521923866965,0.23583115294594445,-2.222254927485423,-1.1008080232895052,-1.363112618981469,-0.43070141552193436,-0.29704426289300234,-0.9553240194226782,-1.1245186684580606
178,1.0,0.17758987396626105,-0.11232855414632356,1.1103030825069162,1.334299091469559,1.2311319720604235,1.7516239771726336,-0.29704426289300234,1.4512794678038132,0.5397689608598725
179,0.0,0.3484951359691651,0.23583115294594445,0.36593197372814007,0.10456999851623167,0.9259267260554909,0.8596777067144803,-0.29704426289300234,0.24797772419056732,0.5397689608598725
180,0.0,-0.13349010704371614,0.23583115294594445,0.2500696124479178,0.7118248352592734,-0.7527021269716153,0.7187662737455917,-0.29704426289300234,0.24797772419056732,-1.1245186684580606
181,0.0,0.7382052058674949,0.23583115294594445,1.0163208825299985,0.7255223127797932,0.01031098804070472,0.5748340408265495,-0.29704426289300234,1.4512794678038132,0.5397689608598725
182,0.0,0.7011625468728495,-0.11232855414632356,0.0684168753917953,1.133285682044496,-1.2105099959790029,-1.0192954011034576,-0.29704426289300234,1.4512794678038132,-1.1245186684580606
183,0.0,-0.3893405721944342,0.23583115294594445,-0.3606371563646042,0.11674553409002657,-0.14229163496176145,-0.2005634622796732,-0.29704426289300234,0.24797772419056732,0.5397689608598725
184,0.0,-0.9910521923866965,-0.11232855414632356,0.6345648873932325,-1.1008080232895052,-0.14229163496176145,1.363782583101952,-0.29704426289300234,1.4512794678038132,0.5397689608598725
185,0.0,0.9491629310847203,0.23583115294594445,-0.6230334922025138,-0.05719068839276379,0.3155162340456364,-0.37420484099202006,-0.29704426289300234,1.4512794678038132,0.5397689608598725
186,0.0,-1.1842390839465697,-0.11232855414632356,-0.6275393368077531,0.36025624556593344,1.2311319720604235,-1.2754308058180543,-0.29704426289300234,0.24797772419056732,0.5397689608598725
187,0.0,1.1968394396909428,0.23583115294594445,0.03690383825543868,0.11674553409002657,1.8415424640702764,-0.9538062351252938,-0.29704426289300234,1.4512794678038132,0.5397689608598725
188,0.0,-0.9819467058903097,0.23583115294594445,-0.4909504003430614,-0.44520226162360327,-0.6000995039691491,-1.253244119817905,-0.29704426289300234,1.4512794678038132,0.5397689608598725
189,0.0,-0.9819467058903097,0.23583115294594445,-0.20472198589598364,2.539677113275296,1.8415424640702764,0.46139411799257934,-0.29704426289300234,1.4512794678038132,0.5397689608598725
190,0.0,1.9170850656472613,-0.11232855414632356,-0.28790195498752413,-0.2578863297190597,-1.2105099959790029,0.011283079145508778,-0.29704426289300234,1.4512794678038132,0.5397689608598725
191,0.0,0.74271211958593,0.23583115294594445,0.23413198447091002,-0.46556268900453185,-0.6000995039691491,-0.9542342688898574,-0.29704426289300234,0.24797772419056732,0.5397689608598725
192,0.0,-0.29492592594336736,0.23583115294594445,-0.2664091441819921,0.09027697849481929,-0.9053047499740815,-1.2159595632000462,-0.29704426289300234,1.4512794678038132,0.5397689608598725
193,0.0,-1.159188746352535,0.23583115294594445,-0.1594903623100737,-0.18764285525485608,-0.7527021269716153,-1.3699569670817744,-0.29704426289300234,-0.9553240194226782,0.5397689608598725
194,1.0,-0.9910521923866965,-0.46048826123859155,1.5483222247416817,0.11674553409002657,-1.0579073729765367,0.5669977303676242,-0.29704426289300234,1.4512794678038132,-1.1245186684580606
195,0.0,-0.9819467058903097,-0.11232855414632356,2.070445557946783,1.9172028570650104,1.5363372180653454,1.340254993843131,-0.29704426289300234,1.4512794678038132,0.5397689608598725
196,0.0,0.7011625468728495,0.23583115294594445,0.48149725203071964,-0.09317749304437531,0.6207214800505582,0.20963709626455743,-0.29704426289300234,1.4512794678038132,0.5397689608598725
197,0.0,-1.159188746352535,0.23583115294594445,-0.5902667251835343,-0.5911344411306314,-1.363112618981469,1.1163790671844438,-0.29704426289300234,-0.9553240194226782,-1.1245186684580606
198,0.0,-0.9819467058903097,0.23583115294594445,-0.001944129938517979,-0.18764285525485608,-0.7527021269716153,-0.3719008175617431,-0.29704426289300234,-0.9553240194226782,0.5397689608598725
199,0.0,0.9491629310847203,0.23583115294594445,-2.222254927485423,-1.1008080232895052,-1.363112618981469,-0.7411685727517491,-0.29704426289300234,-0.9553240194226782,-1.1245186684580606
200,0.0,1.1968394396909428,0.23583115294594445,0.7185694681887108,0.7118248352592734,0.3155162340456364,1.0810778500881062,-0.29704426289300234,-0.9553240194226782,-1.1245186684580606
201,0.0,0.17758987396626105,-0.46048826123859155,-2.222254927485423,-0.43668790108248773,-0.7527021269716153,0.08674384652775537,-0.29704426289300234,0.24797772419056732,0.5397689608598725
202,0.0,0.3484951359691651,0.23583115294594445,0.7813653825877032,1.0907883799936529,0.01031098804070472,0.5847849112505824,-0.29704426289300234,-0.9553240194226782,-1.1245186684580606
203,0.0,0.7382052058674949,0.23583115294594445,-0.3465187117298851,1.334299091469559,-0.29489425796421675,-0.20431911337519545,-0.29704426289300234,-0.9553240194226782,0.5397689608598725
204,0.0,-0.29492592594336736,-0.11232855414632356,0.36225557187982504,-0.05719068839276379,-0.6000995039691491,-0.6336369792320479,-0.29704426289300234,-0.9553240194226782,-1.1245186684580606
205,0.0,-0.3893405721944342,0.23583115294594445,0.01299739628992664,-1.1008080232895052,0.1629136110431709,-1.1269886962675497,-0.29704426289300234,-0.9553240194226782,0.5397689608598725
206,0.0,1.9170850656472613,-0.11232855414632356,0.666786613520661,-1.1008080232895052,-0.9053047499740815,-0.5075096966074352,-0.29704426289300234,1.4512794678038132,-1.1245186684580606
207,0.0,0.74271211958593,0.23583115294594445,-0.11118328836425939,-0.44520226162360327,1.0785293490579564,-0.7104452603175487,-0.29704426289300234,1.4512794678038132,-1.1245186684580606
208,0.0,-0.13349010704371614,0.23583115294594445,0.7072803150383303,2.539677113275296,1.0785293490579564,-1.314670404856823,4.587683615791923,-0.9553240194226782,-1.1245186684580606
209,0.0,-1.1842390839465697,0.23583115294594445,-0.3147522113017666,0.11674553409002657,-0.9053047499740815,-1.172103455052507,-0.29704426289300234,1.4512794678038132,0.5397689608598725
210,1.0,-0.13349010704371614,0.23583115294594445,-2.222254927485423,2.5244576938080523,-1.363112618981469,1.3912351122746165,4.587683615791923,1.4512794678038132,0.5397689608598725
211,0.0,0.74271211958593,0.23583115294594445,0.7940656798818813,2.539677113275296,1.0785293490579564,0.3987633395437186,4.587683615791923,1.4512794678038132,-1.1245186684580606
212,0.0,1.1968394396909428,-0.11232855414632356,-0.3102828984709709,1.133285682044496,-0.29489425796421675,-1.2861031143478296,4.587683615791923,1.4512794678038132,-1.1245186684580606
213,0.0,0.17758987396626105,0.23583115294594445,-2.222254927485423,-1.1008080232895052,0.7733241030530253,0.3778068064307062,-0.29704426289300234,-0.9553240194226782,0.5397689608598725
214,0.0,-0.3893405721944342,0.23583115294594445,-2.222254927485423,-1.1008080232895052,-1.363112618981469,1.5670068997484776,-0.29704426289300234,-0.9553240194226782,-1.1245186684580606
215,0.0,-1.159188746352535,-0.11232855414632356,-0.154154903581837,0.10456999851623167,-0.9053047499740815,1.0685962312670432,-0.29704426289300234,0.24797772419056732,-1.1245186684580606
216,0.0,1.9170850656472613,0.23583115294594445,-2.222254927485423,-1.1008080232895052,-1.363112618981469,1.1437619640700498,-0.29704426289300234,-0.9553240194226782,-1.1245186684580606
217,0.0,-0.9819467058903097,-0.11232855414632356,0.6255145915062887,0.11674553409002657,0.1629136110431709,1.3474622671359653,-0.29704426289300234,1.4512794678038132,0.5397689608598725
218,0.0,-0.9910521923866965,0.23583115294594445,0.02350798715407428,0.09027697849481929,1.0785293490579564,-0.5161722846997858,-0.29704426289300234,-0.9553240194226782,-1.1245186684580606
219,0.0,-0.29492592594336736,0.23583115294594445,-0.6982192521840483,1.334299091469559,-0.6000995039691491,-0.4588565253687561,-0.29704426289300234,0.24797772419056732,-1.1245186684580606
220,0.0,0.7011625468728495,-0.11232855414632356,-0.5063036486275788,-1.1008080232895052,-0.7527021269716153,0.3279102990187715,-0.29704426289300234,0.24797772419056732,-1.1245186684580606
221,0.0,-0.9819467058903097,0.23583115294594445,-0.08376677357047778,-1.1008080232895052,1.8415424640702764,-0.3761172506837661,2.145319676449461,1.4512794678038132,0.5397689608598725
222,0.0,0.9491629310847203,0.23583115294594445,0.5322984412074322,-0.44520226162360327,0.6207214800505582,0.31274567421710586,-0.29704426289300234,-0.9553240194226782,-1.1245186684580606
223,0.0,-1.1842390839465697,0.23583115294594445,0.08411906113732406,-1.1008080232895052,0.3155162340456364,-1.2561148093881314,-0.29704426289300234,1.4512794678038132,-1.1245186684580606
224,0.0,0.7382052058674949,0.23583115294594445,-0.0674378199065353,-1.1008080232895052,-0.7527021269716153,-0.4093286764372738,-0.29704426289300234,1.4512794678038132,0.5397689608598725
225,0.0,0.3484951359691651,-0.11232855414632356,0.4081177565532461,-0.43668790108248773,-1.363112618981469,1.2291659641468373,-0.29704426289300234,-0.9553240194226782,-1.1245186684580606
226,1.0,-0.13349010704371614,0.23583115294594445,-2.222254927485423,-1.1008080232895052,-1.363112618981469,2.0567805119761493,-0.29704426289300234,-0.9553240194226782,-1.1245186684580606
227,0.0,0.74271211958593,0.23583115294594445,1.4653137456947674,0.11674553409002657,-0.29489425796421675,0.6288486093470013,-0.29704426289300234,-0.9553240194226782,0.5397689608598725
228,0.0,0.9491629310847203,0.23583115294594445,0.8822621888692299,1.0907883799936529,1.0785293490579564,-0.5623265540558249,-0.29704426289300234,-0.9553240194226782,-1.1245186684580606
229,0.0,0.17758987396626105,0.23583115294594445,-0.45593665764895847,2.539677113275296,-0.7527021269716153,0.44156345479040054,-0.29704426289300234,-0.9553240194226782,0.5397689608598725
230,0.0,-0.29492592594336736,0.23583115294594445,0.23525259893804382,-1.1008080232895052,0.3155162340456364,-0.21843125688564155,-0.29704426289300234,-0.9553240194226782,-1.1245186684580606
231,0.0,0.3484951359691651,0.23583115294594445,-0.07590468476932023,-0.18764285525485608,-0.7527021269716153,-0.42940780236681036,-0.29704426289300234,-0.9553240194226782,-1.1245186684580606
232,0.0,0.7011625468728495,0.23583115294594445,-0.38725439722356597,-1.1008080232895052,1.8415424640702764,0.7725609457990832,2.145319676449461,-0.9553240194226782,0.5397689608598725
233,0.0,1.9170850656472613,0.23583115294594445,-0.43460227051029754,0.10456999851623167,-0.6000995039691491,-2.113393604225832,-0.29704426289300234,-0.9553240194226782,0.5397689608598725
234,0.0,-1.1842390839465697,0.23583115294594445,1.4128523869371155,-0.44520226162360327,0.6207214800505582,-0.44548556586621163,-0.29704426289300234,-0.9553240194226782,0.5397689608598725
235,0.0,-0.3893405721944342,0.23583115294594445,0.5558443892067972,-1.1008080232895052,-0.6000995039691491,0.12000818480237778,-0.29704426289300234,-0.9553240194226782,0.5397689608598725
236,0.0,-0.9819467058903097,0.23583115294594445,-2.222254927485423,-1.1008080232895052,-1.363112618981469,1.5525070599877437,-0.29704426289300234,-0.9553240194226782,-1.1245186684580606
237,0.0,-0.9819467058903097,-0.11232855414632356,0.33406091188674963,0.7118248352592734,0.1629136110431709,1.2603097008564528,-0.29704426289300234,-0.9553240194226782,0.5397689608598725
238,0.0,-1.159188746352535,0.23583115294594445,0.41940690970362665,0.7255223127797932,-0.7527021269716153,-0.034338344791872075,-0.29704426289300234,-0.9553240194226782,0.5397689608598725
239,0.0,-0.9910521923866965,-0.11232855414632356,0.10443953680800899,-0.5911344411306314,-1.2105099959790029,-0.013805175984172649,2.145319676449461,-0.9553240194226782,0.5397689608598725
240,0.0,1.1968394396909428,-0.46048826123859155,-0.22928519824516325,1.319079672002315,0.01031098804070472,0.7513376049728259,2.145319676449461,-0.9553240194226782,-1.1245186684580606
241,0.0,0.7382052058674949,0.23583115294594445,-0.4429107117062113,-1.1008080232895052,-0.44749688096668294,-0.3722400517807437,-0.29704426289300234,-0.9553240194226782,-1.1245186684580606
242,1.0,-0.9819467058903097,0.23583115294594445,0.48714182860591043,-1.1008080232895052,-0.6000995039691491,1.2393531677434404,-0.29704426289300234,-0.9553240194226782,0.5397689608598725
243,0.0,0.7011625468728495,0.23583115294594445,1.3556002531030436,0.11674553409002657,-0.29489425796421675,1.1256147187967487,-0.29704426289300234,-0.9553240194226782,0.5397689608598725
244,0.0,0.9491629310847203,0.23583115294594445,-2.222254927485423,-1.1008080232895052,-1.363112618981469,0.22451364754848502,-0.29704426289300234,-0.9553240194226782,-1.1245186684580606
245,0.0,-1.159188746352535,0.23583115294594445,0.017615686215082815,-0.5911344411306314,-1.363112618981469,0.11169210023372311,-0.29704426289300234,-0.9553240194226782,-1.1245186684580606
246,0.0,0.3484951359691651,-0.11232855414632356,0.00518182872427823,0.09027697849481929,-1.2105099959790029,-0.09177476887938758,2.145319676449461,-0.9553240194226782,-1.1245186684580606
247,0.0,0.17758987396626105,0.23583115294594445,0.21158386307162047,-1.1008080232895052,0.3155162340456364,0.4663911855316042,-0.29704426289300234,-0.9553240194226782,0.5397689608598725
248,0.0,-0.13349010704371614,-0.11232855414632356,0.32909368450058213,0.11674553409002657,0.1629136110431709,1.4321015278569504,-0.29704426289300234,-0.9553240194226782,0.5397689608598725
249,0.0,-1.1842390839465697,-0.11232855414632356,-0.39341211712377333,-0.18764285525485608,-0.7527021269716153,-1.9070374288074576,-0.29704426289300234,-0.9553240194226782,-1.1245186684580606
250,0.0,1.9170850656472613,0.23583115294594445,1.1348569906089934,2.539677113275296,-0.9053047499740815,0.8095501969534172,-0.29704426289300234,-0.9553240194226782,0.5397689608598725
251,0.0,1.1968394396909428,-0.11232855414632356,0.34038283765096267,-0.7687479621859964,0.7733241030530253,0.7125292103190997,-0.29704426289300234,-0.9553240194226782,-1.1245186684580606
252,0.0,-0.3893405721944342,0.23583115294594445,-0.33051540671451013,1.0907883799936529,1.8415424640702764,0.933737059845342,2.145319676449461,-0.9553240194226782,0.5397689608598725
253,0.0,-0.29492592594336736,0.23583115294594445,-0.5848935224821508,-0.3905684481514446,0.01031098804070472,-1.9964353379205069,-0.29704426289300234,-0.9553240194226782,0.5397689608598725
254,0.0,-0.9819467058903097,0.23583115294594445,-0.35954465767263216,-0.43668790108248773,-1.363112618981469,-0.49538207327814626,-0.29704426289300234,-0.9553240194226782,-1.1245186684580606
255,0.0,0.74271211958593,-0.11232855414632356,0.7096994192848414,-0.979052667551552,-0.9053047499740815,-0.20879700506601026,-0.29704426289300234,-0.9553240194226782,-1.1245186684580606
256,0.0,-0.9910521923866965,0.23583115294594445,0.3432051259385579,-1.1008080232895052,0.1629136110431709,-1.6673955918206949,-0.29704426289300234,-0.9553240194226782,0.5397689608598725
257,0.0,0.7382052058674949,0.23583115294594445,0.7919489636661854,0.7255223127797932,-1.363112618981469,-1.9215905768026051,-0.29704426289300234,-0.9553240194226782,-1.1245186684580606
258,1.0,-0.7197918340731643,0.23583115294594445,0.6410848261110992,0.11674553409002657,-0.29489425796421675,0.8144012462851324,-0.29704426289300234,-0.9553240194226782,0.5397689608598725
259,0.0,0.7382052058674949,-0.11232855414632356,0.652716074811492,0.7118248352592734,-0.44749688096668294,0.6580896567076211,-0.29704426289300234,-0.9553240194226782,0.5397689608598725
260,0.0,-0.13349010704371614,0.23583115294594445,1.4481309905320547,1.0907883799936529,1.0785293490579564,0.6300613716799295,-0.29704426289300234,-0.9553240194226782,-1.1245186684580606
261,0.0,-1.0190134530072046,-0.11232855414632356,2.0281112336328566,0.09027697849481929,-0.6000995039691491,0.8085799870870733,-0.29704426289300234,-0.9553240194226782,-1.1245186684580606
262,0.0,0.7011625468728495,-0.11232855414632356,0.9969362182388847,0.7255223127797932,-1.2105099959790029,1.3936165364920048,-0.29704426289300234,-0.9553240194226782,0.5397689608598725
263,0.0,0.4298823767038603,0.23583115294594445,0.5019588421157845,-1.1008080232895052,0.01031098804070472,-0.165510718721468,-0.29704426289300234,-0.9553240194226782,-1.1245186684580606
264,0.0,-0.9819467058903097,-0.11232855414632356,1.2322259365310266,-1.1008080232895052,-0.29489425796421675,-0.8058492305079598,-0.29704426289300234,-0.9553240194226782,0.5397689608598725
265,0.0,0.3484951359691651,-0.11232855414632356,-0.7960585794873462,-0.43668790108248773,1.2311319720604235,0.7389894794011864,-0.29704426289300234,-0.9553240194226782,-1.1245186684580606
266,0.0,-0.9910521923866965,0.23583115294594445,-0.30148615575638843,-0.44520226162360327,-1.363112618981469,-0.14610652139460528,-0.29704426289300234,-0.9553240194226782,-1.1245186684580606
267,0.0,1.7035627118179284,-0.11232855414632356,-0.43211778506793513,-0.5911344411306314,0.3155162340456364,-0.04555749888267728,-0.29704426289300234,-0.9553240194226782,-1.1245186684580606
268,0.0,1.9170850656472613,0.23583115294594445,-0.8878770251104421,-0.6949568374963279,-1.0579073729765367,-2.102049611942435,-0.29704426289300234,-0.9553240194226782,0.5397689608598725
269,0.0,0.39474356034371233,-0.11232855414632356,-0.43639773873483745,-0.979052667551552,-1.2105099959790029,-0.2314849896328039,-0.29704426289300234,-0.9553240194226782,-1.1245186684580606
270,0.0,-0.3893405721944342,0.23583115294594445,0.30455204721714585,-0.6949568374963279,-0.6000995039691491,-0.8421266429016617,-0.29704426289300234,-0.9553240194226782,0.5397689608598725
271,0.0,-0.7862178815467542,-0.11232855414632356,-1.2283186175062657,-0.7687479621859964,-0.9053047499740815,-2.2893883170436067,-0.29704426289300234,-0.9553240194226782,-1.1245186684580606
272,0.0,0.228706553538127,-0.11232855414632356,-0.807842870933796,0.11674553409002657,-0.7527021269716153,-1.3905973391418167,-0.29704426289300234,-0.9553240194226782,0.5397689608598725
273,1.0,-0.8232846286636492,-0.11232855414632356,0.3926694417158835,1.0907883799936529,-0.44749688096668294,1.1560172465922798,-0.29704426289300234,-0.9553240194226782,0.5397689608598725
274,0.0,-0.21895164028821446,0.23583115294594445,0.5530942496423435,-0.43668790108248773,-0.44749688096668294,1.2277106493473222,-0.29704426289300234,-0.9553240194226782,0.5397689608598725
275,0.0,0.23490251469835294,0.23583115294594445,1.8215197309808913,0.2689397287624685,0.9259267260554909,0.21564315734191977,-0.29704426289300234,-0.9553240194226782,0.5397689608598725
276,0.0,1.7035627118179284,0.23583115294594445,-0.23438230752710779,-0.5911344411306314,0.3155162340456364,-0.9853380557814465,-0.29704426289300234,-0.9553240194226782,0.5397689608598725
277,0.0,0.38815506451457704,0.23583115294594445,-0.794741511619802,-1.1008080232895052,-0.44749688096668294,-0.28193590268264956,-0.29704426289300234,-0.9553240194226782,-1.1245186684580606
278,0.0,-0.5545662031337997,0.23583115294594445,-0.2964280286955045,-1.1008080232895052,-0.44749688096668294,-1.2498172653465949,-0.29704426289300234,-0.9553240194226782,-1.1245186684580606
279,0.0,-0.5494029021669445,0.23583115294594445,-0.08860498206349836,0.10456999851623167,-0.6000995039691491,-1.0775079930840479,-0.29704426289300234,-0.9553240194226782,-1.1245186684580606
280,0.0,0.7011625468728495,-0.11232855414632356,1.609606198986606,2.539677113275296,-0.9053047499740815,1.706994323320847,-0.29704426289300234,-0.9553240194226782,-1.1245186684580606
281,0.0,0.17024209951342803,0.23583115294594445,0.6104193810080655,-0.44520226162360327,-1.0579073729765367,-0.7030069846755843,-0.29704426289300234,-0.9553240194226782,0.5397689608598725
282,0.0,-0.07342031446528167,-0.11232855414632356,-0.9860926575187522,0.09027697849481929,-0.14229163496176145,-1.6172974823586117,-0.29704426289300234,-0.9553240194226782,-1.1245186684580606
283,0.0,0.19820336013393655,-0.46048826123859155,2.070445557946783,-0.7687479621859964,-0.29489425796421675,-1.159005621856874,-0.29704426289300234,-0.9553240194226782,0.5397689608598725
284,1.0,-0.8232846286636492,0.23583115294594445,0.8258164231173266,-0.44520226162360327,-1.0579073729765367,-0.556020189924595,-0.29704426289300234,-0.9553240194226782,0.5397689608598725
285,0.0,1.7035627118179284,-0.11232855414632356,0.22974913677723288,-0.5911344411306314,0.1629136110431709,1.140592494452232,-0.29704426289300234,-0.9553240194226782,0.5397689608598725
286,0.0,-0.21895164028821446,0.23583115294594445,0.16975535146378215,-0.979052667551552,0.3155162340456364,0.5744709685272946,-0.29704426289300234,-0.9553240194226782,0.5397689608598725
287,0.0,0.19820336013393655,0.23583115294594445,0.024286549440307156,-0.43668790108248773,0.1629136110431709,0.3885869160567413,-0.29704426289300234,-0.9553240194226782,-1.1245186684580606
288,0.0,0.38815506451457704,0.23583115294594445,-0.7934714818903843,0.10456999851623167,0.01031098804070472,-1.894563301954474,-0.29704426289300234,-0.9553240194226782,-1.1245186684580606
289,0.0,0.7011625468728495,-0.11232855414632356,0.6546966279957686,2.539677113275296,0.9259267260554909,-1.5399746960409584,-0.29704426289300234,-0.9553240194226782,0.5397689608598725
290,0.0,-0.1245369940371476,0.23583115294594445,0.36058448013059125,-1.1008080232895052,-0.44749688096668294,-1.868229034153731,-0.29704426289300234,-0.9553240194226782,-1.1245186684580606
291,0.0,0.005016468574063364,0.23583115294594445,0.5311695258923943,-1.1008080232895052,0.01031098804070472,1.0315789932896415,-0.29704426289300234,-0.9553240194226782,-1.1245186684580606
292,0.0,0.44586023991557827,-0.11232855414632356,-0.7896613927021309,0.2689397287624685,0.3155162340456364,-0.8817020018766085,-0.29704426289300234,-0.9553240194226782,-1.1245186684580606
293,0.0,-0.5545662031337997,0.23583115294594445,-0.06320438747514211,0.7255223127797932,-1.363112618981469,1.1716148788932996,-0.29704426289300234,-0.9553240194226782,-1.1245186684580606
294,0.0,-0.5545662031337997,0.23583115294594445,0.17386782868284906,0.09027697849481929,-0.29489425796421675,-0.08425564241522825,-0.29704426289300234,-0.9553240194226782,-1.1245186684580606
295,0.0,0.23490251469835294,-0.11232855414632356,0.42448702862129795,-1.1008080232895052,-0.7527021269716153,1.2509956861395586,-0.29704426289300234,-0.9553240194226782,-1.1245186684580606
